Sample,File_Size_MB,Iteration,Total_Time_Seconds
All_LASV_06_07_24,9.084595680236816,1,31.950029850006104
All_LASV_06_07_24,9.084595680236816,2,14.800770044326782
All_LASV_06_07_24,9.084595680236816,3,16.06299328804016
Bangura_et_al_2024_EMI,0.19248390197753906,1,5.768773078918457
Bangura_et_al_2024_EMI,0.19248390197753906,2,5.583719253540039
Bangura_et_al_2024_EMI,0.19248390197753906,3,5.406064033508301
Adesina_et_al_2023_EMI,0.14880943298339844,1,5.932698011398315
Adesina_et_al_2023_EMI,0.14880943298339844,2,5.7994630336761475
Adesina_et_al_2023_EMI,0.14880943298339844,3,5.675564765930176
